timestamp,age_range,is_reader,visit_frequency,device,homepage_style,preferred_colours,scroll_or_click,useful_features,importance_mobile(1-5),navigation_ease(1-5),additional_comments
2025-10-01 10:12,18-24,Yes,Weekly,Smartphone,Minimal and modern,Blue & pink,Scrolling layout,"Online shop; Newsletter; Image gallery",5,5,"Love big visuals."
2025-10-01 10:34,25-34,Yes,Monthly,Laptop/Desktop,Colorful and artistic,Blue & pink,Clicking through,"Article previews; Gallery",4,4,"Would like author bios."
2025-10-01 11:05,18-24,No,Rarely,Smartphone,Minimal and modern,Black & white,Scrolling layout,"Newsletter; Contact form",5,4,"Fast load time is important."
2025-10-02 09:58,18-24,Yes,Weekly,Tablet,Minimal and modern,Blue & pink,Scrolling layout,"Shop; Gallery; Previews",5,5,"Prefer image-first homepage."
2025-10-02 12:23,35-44,Yes,Monthly,Laptop/Desktop,Elegant and professional,Earth tones,Clicking through,"Shop; Newsletter",4,4,"Make checkout easy."
2025-10-03 14:11,25-34,Yes,Weekly,Smartphone,Colorful and artistic,Bright & neon,Scrolling layout,"Gallery; Previews; Newsletter",5,5,"Include featured artists."
2025-10-04 08:40,18-24,Yes,Daily,Smartphone,Minimal and modern,Blue & pink,Scrolling layout,"Newsletter; Image gallery",5,5,"Add search for topics."
2025-10-04 16:02,25-34,No,Rarely,Laptop/Desktop,Bold and trendy,Blue & pink,Clicking through,"Shop",3,3,"Maybe subscriptions."
2025-10-05 09:30,45+,No,Monthly,Tablet,Minimal and modern,Black & white,Clicking through,"Article previews",3,4,"Readable fonts, please."
2025-10-06 13:14,18-24,Yes,Weekly,Smartphone,Colorful and artistic,Blue & pink,Scrolling layout,"Gallery; Shop",5,5,"Interactive galleries would be cool."
2025-10-07 11:00,25-34,Yes,Monthly,Laptop/Desktop,Elegant and professional,Earth tones,Clicking through,"Shop; Contact form",4,4,"Consider downloadable PDFs."
2025-10-07 18:22,18-24,Yes,Weekly,Smartphone,Minimal and modern,Blue & pink,Scrolling layout,"Newsletter; Previews",5,5,"Social sharing buttons important."
2025-10-08 09:05,35-44,No,Rarely,Tablet,Bold and trendy,Bright & neon,Clicking through,"Shop; Newsletter",3,3,"Preview before buy helps."
2025-10-09 10:45,18-24,Yes,Weekly,Laptop/Desktop,Colorful and artistic,Blue & pink,Scrolling layout,"Gallery; Shop; Newsletter",5,5,"Feature interviews."
2025-10-09 20:10,25-34,Yes,Monthly,Smartphone,Minimal and modern,Blue & pink,Clicking through,"Previews; Contact form",4,4,"Allow comments on articles."
2025-10-10 09:00,18-24,Yes,Daily,Smartphone,Colorful and artistic,Blue & pink,Scrolling layout,"Newsletter; Gallery",5,5,"Push notifications optional."
2025-10-10 14:30,25-34,No,Rarely,Laptop/Desktop,Elegant and professional,Black & white,Clicking through,"Shop",3,3,"Consider physical subscriptions."
2025-10-11 08:00,18-24,Yes,Weekly,Tablet,Minimal and modern,Blue & pink,Scrolling layout,"Image gallery; Newsletter",5,5,"Light/dark mode would be nice."
2025-10-11 19:20,35-44,Yes,Monthly,Laptop/Desktop,Minimal and modern,Black & white,Clicking through,"Previews; Shop",4,4,"Accessibility is important."
2025-10-12 12:55,18-24,Yes,Weekly,Smartphone,Colorful and artistic,Blue & pink,Scrolling layout,"Gallery; Newsletter; Shop",5,5,"Include artist portfolios."